Beta_Trt,Beta_Risk,Beta_intx,Lower.CI,Upper.CI,rejection.Risk,SSVS_results,Prediction_Error,Beta_intx_Noise,Lower.CI_Noise,Upper.CI_Noise,rejection.Risk_Noise,Prediction_Error_Noise,rejection.interaction,rejection.SDIR,SDIR
0.8525944370472988,0.8639270383339345,0.2074671670929595,0.05806251649998725,0.3597709165201546,Reject,"Gender, Age, ProgVar",1.6323705237351518,0.2074671670929595,0.04452505010942568,0.36616334885360247,Reject,1.6115746097233168,Accept,Reject,0.9664273752789061
1.0842378979067249,0.8113576703836897,0.08451056630727533,-0.035111846589449734,0.2225717633567963,Accept,"Gender, Age, ProgVar, X2",1.6770235099996842,0.08451056630727533,-0.04475498575316453,0.22975536833148008,Accept,1.7914950412795152,Accept,Accept,0.313605666654672
1.2129713359848375,0.9282888084111423,-0.002623828101984298,-0.1596445093225642,0.12649680060634266,Accept,"Gender, Age, ProgVar",1.512420481033248,-0.002623828101984298,-0.14538961149305574,0.15710984429024008,Accept,1.540467885786107,Accept,Reject,0.9265243724356658
1.324590086780549,0.9769586726539556,0.07146403000207134,-0.1167873295192056,0.18578492781284062,Accept,"Gender, Age, ProgVar",1.9999097218550448,0.07146403000207134,-0.08519811695312683,0.23595262471928014,Accept,1.7665082720021548,Accept,Accept,0.664893184105972
1.168629598726845,0.9987821496633994,0.0632228427399796,-0.07727834826833897,0.23907129728449322,Accept,"Gender, Age, ProgVar",1.5750098540173292,0.0632228427399796,-0.10680559433385833,0.2350056737785214,Accept,1.6548233004988402,Accept,Accept,0.3919430176135485
1.0726634016888743,0.8963884405132847,0.04419126107692029,-0.11201707823351914,0.15756876335717193,Accept,"Gender, Age, ProgVar",1.6401109134878675,0.04419126107692029,-0.09345336802208251,0.18963267766616643,Accept,1.556090899952882,Accept,Accept,0.6997409926621742
1.121704486706972,1.1076436635968478,0.04838531756251008,-0.1209994332059735,0.21526737935486695,Accept,"Gender, Age, ProgVar",1.443269815056171,0.04838531756251008,-0.12365155838828032,0.23000005170702104,Accept,1.4932397550767826,Accept,Accept,0.5262320202367845
1.3148968416762212,1.0051815319257777,0.0317596988526399,-0.14099982957199936,0.16517316861684297,Accept,"Gender, Age, ProgVar",1.596304170038166,0.0317596988526399,-0.12628142149435354,0.19612743285171824,Accept,1.676752878088889,Accept,Accept,0.3666696049595637
1.5206284014198361,1.0462140485289044,-0.1685328603744854,-0.29463390913342735,-0.05577419988845589,Reject,"Gender, Age, ProgVar",1.9248848735437176,-0.1685328603744854,-0.2909442698477066,-0.03780341145562818,Reject,1.8645929358629971,Reject,Accept,0.7193337468710946
1.089226880355469,0.852720709338327,0.18425552591072633,0.019371844412220035,0.29247597474981113,Reject,"Gender, Age, ProgVar",1.6506058256489329,0.18425552591072633,0.03855560921193291,0.3283234743676101,Reject,1.80405242496288,Accept,Reject,0.9054603340468222
1.3579398861399878,0.9436509729921313,-0.014534179607010889,-0.13713861168495223,0.10137555353408528,Accept,"Gender, Age, ProgVar",1.482082021608061,-0.014534179607010889,-0.1352929874642302,0.1148057244851321,Accept,1.4728872460789668,Accept,Accept,0.5654072314156903
1.0631912135697283,0.9056973259840387,0.06861778986491453,-0.048953488905028014,0.23317350623084998,Accept,"Gender, Age, ProgVar",1.9037375691614775,0.06861778986491453,-0.07524342272561838,0.22622905170453808,Accept,1.720732314019607,Accept,Reject,1.070386941544349
1.1172742694500606,1.0394379219295609,7.328630239216508e-4,-0.1408438188345269,0.15321068491514556,Accept,"Gender, Age, ProgVar",1.407932912537027,7.328630239216508e-4,-0.14651538159407373,0.15973541107271533,Accept,1.3252342688462204,Accept,Accept,0.5480355353412827
1.2794287052738538,1.0126633306249924,0.008552640800481398,-0.156558961930497,0.15323382792263732,Accept,"Gender, Age, ProgVar",1.5972026500664052,0.008552640800481398,-0.14895355763931564,0.17690570826435423,Accept,1.4359871985276522,Accept,Accept,0.7126882426512103
1.2728160328729476,0.9223301835503529,-0.015510318672780545,-0.14755517759474088,0.1303388544583578,Accept,"Gender, Age, ProgVar",1.4498341444636005,-0.015510318672780545,-0.1593038256027634,0.13647268514932184,Accept,1.5098741698456757,Reject,Accept,0.5484701721332493
1.2175137428235407,0.9558373360898705,0.024159455968833534,-0.11137944166067462,0.18521921696181243,Accept,"Gender, Age, ProgVar",1.8195807098998271,0.024159455968833534,-0.12483332971199568,0.1900418119171319,Accept,1.7837323485643868,Accept,Accept,0.6970290078951825
1.2609788052351554,1.0613886262287526,0.039917938218927806,-0.11451586144397052,0.19050019196618237,Accept,"Gender, Age, ProgVar",1.5858940048859211,0.039917938218927806,-0.12137523582885995,0.20374400381167515,Accept,1.6471164177007243,Accept,Accept,0.7292458306107551
1.0855467792603926,0.9300702079074208,0.04978293808400802,-0.07705481731684483,0.18321801155814876,Accept,"Gender, Age, ProgVar",1.776383715897225,0.04978293808400802,-0.08252032968165643,0.1904431437820917,Accept,1.56413933438284,Accept,Reject,0.9099779799588009
0.9978215672653473,0.9762928999065156,0.08869815462189834,-0.04621940309632443,0.23579511638865625,Accept,"Gender, Age, ProgVar",1.4313671864306912,0.08869815462189834,-0.06794149689534655,0.2350083216911816,Accept,1.5559949242348858,Accept,Accept,0.31888710943124243
1.0883261003611286,0.9154670786068956,0.0634387840725025,-0.08381012830167509,0.1997955924985975,Accept,"Gender, Age, ProgVar",1.3204601064852124,0.0634387840725025,-0.08287238236757842,0.21444832714997905,Accept,1.37964340398892,Accept,Accept,0.314055254850683
1.17708013578493,0.9614654800629243,-0.007872159560986523,-0.14063722186552272,0.10131433180745364,Accept,"Gender, Age, ProgVar",1.6328662134056162,-0.007872159560986523,-0.13991549932956981,0.11752766476950295,Accept,1.5806504647695987,Accept,Accept,0.42374722229748896
1.2900823575560931,0.9606872209202251,0.02199152943464044,-0.17461358427133575,0.11687150107233077,Accept,"Gender, Age, ProgVar",1.6313589063878748,0.02199152943464044,-0.1279596948641901,0.1803950553119871,Accept,1.5348079925874683,Accept,Accept,0.7466285143337057
1.505395324829608,1.0033900285174349,-0.0991932406392831,-0.22245366944802733,0.033907036456326464,Accept,"Gender, Age, ProgVar",1.5300727700243928,-0.0991932406392831,-0.2275806511915724,0.040483558273357874,Accept,1.6787521966938899,Accept,Accept,1.116757596833853
1.3437119748518194,1.0984353025867875,-0.03531406173084546,-0.2171880223765028,0.10983268806479368,Accept,"Gender, Age, ProgVar",1.6976507515836214,-0.03531406173084546,-0.20163235714177252,0.15047567348513524,Accept,1.6323999998353125,Accept,Accept,0.03254952087309981
1.3649570929169013,1.084926162199321,-0.02912609416635097,-0.16344365146261938,0.1295159536152796,Accept,"Gender, Age, ProgVar",1.7116058888618733,-0.02912609416635097,-0.17511408652212226,0.1371904927121727,Accept,1.6151342152347996,Accept,Accept,0.21049840463822858
1.3689221122085156,1.0294681588866887,-0.054962533046283395,-0.1710460664445938,0.10415930695867516,Accept,"Gender, Age, ProgVar",1.8258104509432502,-0.054962533046283395,-0.20327092697046034,0.09549014039346798,Accept,1.7251946939164982,Accept,Accept,0.5324442534850163
1.4235030530476622,1.0663836685639865,-0.09287949964047978,-0.2792086084988943,0.034076218405926104,Accept,"Gender, Age, ProgVar",1.444935108350888,-0.09287949964047978,-0.26105894288563497,0.07696822216423317,Accept,1.671569024384807,Accept,Accept,0.6494433285789686
1.4223777187964928,0.9760900671398005,-0.1063465913327433,-0.24284074111743395,0.0758698510854805,Accept,"Gender, Age, ProgVar",1.5769666505636382,-0.1063465913327433,-0.26760056584561587,0.07113824873423685,Accept,1.6808784278449145,Accept,Accept,0.5037717069331584
1.180179138734873,0.9870657832254931,-0.017205151495949707,-0.14864477170391233,0.11872306570904634,Accept,"Gender, Age, ProgVar",1.3737241269923604,-0.017205151495949707,-0.15229355645313364,0.12158046009756021,Accept,1.5807977330316223,Accept,Accept,0.027901675483275927
1.3160731903764205,0.9860470886930638,-0.04898038331732051,-0.16512644487106698,0.1215922477433485,Accept,"Gender, Age, ProgVar",1.7910243858236377,-0.04898038331732051,-0.20042139799853886,0.10136825731309324,Accept,1.5084277920325875,Accept,Accept,0.09655832341791294
1.1024547349712956,0.9495035147719689,0.05252876613299747,-0.09011341512609818,0.17469521326980716,Accept,"Gender, Age, ProgVar",1.8862934099978252,0.05252876613299747,-0.0900336821806099,0.19676063173710412,Accept,1.6740387244509134,Accept,Accept,0.6897093588072172
1.3449057305847796,0.9480567012101535,-0.03186450389388699,-0.15682947045310572,0.10452403653289613,Accept,"Gender, Age, ProgVar",1.4446783335373976,-0.03186450389388699,-0.17466629595255165,0.0981204945601713,Accept,1.5843243374844829,Accept,Accept,0.7641446044982787
1.3525349463567375,1.0642232066962616,-0.16827265979632508,-0.30865787693085855,-0.010451832866894044,Reject,"Gender, Age, ProgVar",1.4638232074331798,-0.16827265979632508,-0.32814506347285083,-0.008398368441925042,Reject,1.5292394873188742,Accept,Accept,0.7100308294812021
1.3411706499845053,1.0845544922252448,-0.07580556102452357,-0.21783903794842907,0.08750911984676973,Accept,"Gender, Age, ProgVar",1.7720117249729839,-0.07580556102452357,-0.23610046030114665,0.09020387936695178,Accept,1.6497327061606992,Accept,Accept,0.6868689025607345
1.0228161446698303,0.9400074331845045,0.11861124453556736,-0.039794263465160976,0.2899466582564116,Accept,"Gender, Age, ProgVar",1.602230460474792,0.11861124453556736,-0.05789255019983451,0.29387865281598186,Accept,1.6974326611670694,Accept,Accept,0.22476863362788152
1.322717498915436,1.0473121720045078,-0.08121832784841143,-0.2159432210373416,0.032507170917796285,Accept,"Gender, Age, ProgVar",1.5087863772165175,-0.08121832784841143,-0.21516395620337736,0.052000189386975634,Accept,1.5549022617052801,Accept,Accept,0.6580770118600875
1.1865792769864674,0.9181893787800876,0.04089144812383696,-0.09449479767914767,0.18522462655133737,Accept,"Gender, Age, ProgVar",1.7588093300311827,0.04089144812383696,-0.10640197443209731,0.19356988987372845,Accept,1.7246237633026111,Accept,Accept,0.18350528161133722
1.1796450699538237,1.0354877112072696,0.040176814015577336,-0.12086778081630893,0.17560981118423666,Accept,"Gender, Age, ProgVar",1.7789434950363432,0.040176814015577336,-0.11996619347120827,0.20432617512688417,Accept,1.6996992573677345,Accept,Accept,0.22776159587485148
1.31661745890277,1.0267560708457426,-0.023658089468686718,-0.1774353282406137,0.10479047580725409,Accept,"Gender, Age, ProgVar",1.4372884373166974,-0.023658089468686718,-0.17218969620098346,0.1271137874464397,Accept,1.5748581521858107,Accept,Accept,0.7717687610239222
1.2801049889972005,1.0047946556548824,-0.034708427458052894,-0.19355312529253,0.13257500322512009,Accept,"Gender, Age, ProgVar",1.7648167231841665,-0.034708427458052894,-0.21019603996707487,0.1399169851085116,Accept,1.6483489452991276,Accept,Accept,0.9656916437226739
0.8978818217899156,0.9402616888302406,0.2207675481499852,0.06039626633873876,0.38090700886712103,Reject,"Gender, Age, ProgVar",1.9498413594584973,0.2207675481499852,0.053505772758295496,0.3952328457192082,Reject,1.8856912128854204,Accept,Accept,0.7875933982512233
1.4481807582138522,0.9790327170418499,-0.15644739604327454,-0.2539054551693072,0.021396352053380134,Accept,"Gender, Age, ProgVar",1.3989909169358026,-0.15644739604327454,-0.2967636637833,-0.009313045371964673,Reject,1.571887846031411,Accept,Accept,0.8018252892732766
1.1151333813087967,0.9207929877002352,0.08197315020865444,-0.05487088559365804,0.21990907795591497,Accept,"Gender, Age, ProgVar",1.6741888858461036,0.08197315020865444,-0.06807213560426653,0.22562794406553507,Accept,1.5912600561497376,Accept,Accept,0.3312237323360463
1.0251403164324981,0.9884375111506237,0.00621192496294645,-0.11252477520233722,0.19470100831809914,Accept,"Gender, Age, ProgVar",1.5141139810307025,0.00621192496294645,-0.15263850212176658,0.17851968844028152,Accept,1.4517924520827434,Accept,Accept,0.4225714288611296
1.0700286964575318,0.9402294477052782,0.17634053290609475,0.01650526095436696,0.3121505973309453,Reject,"Gender, Age, ProgVar",1.6676751900372038,0.17634053290609475,0.01550902612072183,0.33502852599315464,Reject,1.6754278468129546,Accept,Accept,0.4198338303801494
1.5357102957310829,1.2003551779985344,-0.14617161901004294,-0.33625557900367253,0.0032091554858600865,Accept,"Gender, Age, ProgVar",1.7912410410697905,-0.14617161901004294,-0.3251330381915034,0.043713628917418285,Accept,1.7160434030358511,Reject,Accept,0.5130576211918995
0.806068059938106,0.9087101446751823,0.18197526731257826,0.03100404074446146,0.3251038459306209,Reject,"Gender, Age, ProgVar",1.7527041667802885,0.18197526731257826,0.022994195654445364,0.3347027727775676,Reject,1.7708767756210457,Accept,Accept,0.6461695054352854
1.0145143314626601,0.9413291820090235,0.15378163536912268,0.016962099781234263,0.3320060346212784,Reject,"Gender, Age, ProgVar",1.91393858140226,0.15378163536912268,-0.011820398273728792,0.32184503004786646,Accept,1.8116293014877758,Accept,Accept,0.4084005242326069
1.2464896197169621,1.0316109450258002,-0.06402878372905678,-0.15995541837714955,0.11101585443331168,Accept,"Gender, Age, ProgVar",1.696171025802056,-0.06402878372905678,-0.20556048866864796,0.0841412178818065,Accept,1.688137269689653,Accept,Accept,0.30325674804069674
1.298329827425734,1.0234705991283903,-0.09436612938261385,-0.23222497683253782,0.06341897819198095,Accept,"Gender, Age, ProgVar",1.5234748039369577,-0.09436612938261385,-0.24890329483082999,0.0659604024913018,Accept,1.6033662853392996,Accept,Accept,0.49447968234886036
1.4275988418176533,1.0376636391744731,-0.07238055156103729,-0.22309359281308092,0.0645164209012857,Accept,"Gender, Age, ProgVar",2.0414844530905367,-0.07238055156103729,-0.21164185427830393,0.07530878294028746,Accept,1.8917025463967447,Accept,Accept,0.5462926107210221
1.3578247401323682,0.9454055347503973,-0.02444960166659384,-0.1637049871567034,0.11743077917445277,Accept,"Gender, Age, ProgVar",1.8013125174629707,-0.02444960166659384,-0.16103739528893402,0.11912752036876686,Accept,1.6026851620854836,Accept,Accept,0.12510846501689707
1.3221980833354676,1.1205405573259728,-0.06548546903300839,-0.21646826478998935,0.15698548262183493,Accept,"Gender, Age, ProgVar",1.6836869415271125,-0.06548546903300839,-0.24769292587871305,0.12949185682108103,Accept,1.6741938041645335,Accept,Accept,0.7284605160959785
0.9765367507476266,0.8666547237303195,0.12287384802928288,0.006147452498128126,0.24873668315454314,Reject,"Gender, Age, ProgVar",1.3698001795217305,0.12287384802928288,0.004124555380911228,0.2440072374445511,Reject,1.5054243491984212,Accept,Accept,0.26829935118512566
1.4426052482820024,1.0425065803673619,-0.1709125614019907,-0.2960772064447922,-0.03620232810843358,Reject,"Gender, Age, ProgVar",1.5181218614468555,-0.1709125614019907,-0.2974834855088011,-0.038882056382314366,Reject,1.4763141971842095,Accept,Accept,0.5199170456368643
1.4103488137614975,1.042002151784454,-0.0651868824276566,-0.19851772021909592,0.10469787717049583,Accept,"Gender, Age, ProgVar",1.7860289338024118,-0.0651868824276566,-0.2135483935413651,0.10010914495714972,Accept,1.6537768702256124,Accept,Accept,0.6431870786880721
1.3411250140019453,1.0393441221584356,-0.061444482332153945,-0.21752543519954334,0.08046330879123603,Accept,"Gender, Age, ProgVar",1.8690323290082784,-0.061444482332153945,-0.21062263475224557,0.08309245191024514,Accept,1.690540987340562,Accept,Accept,0.49871852595146315
1.393731354745908,1.0434826009760696,-0.10237110900533423,-0.24489175712920513,0.0452679630456664,Accept,"Gender, Age, ProgVar",1.8613854835665742,-0.10237110900533423,-0.24554778446706646,0.03784286849533229,Accept,1.7317354765902544,Accept,Accept,0.2815012878440832
1.0652395291737453,1.0214353321281116,0.12146919156000283,-0.05006574689197646,0.29632722847047666,Accept,"Gender, Age, ProgVar",1.7046381532846868,0.12146919156000283,-0.04697252079952299,0.301229094159594,Accept,1.6700759097648668,Accept,Accept,0.4884859422115098
1.2156308585523357,0.9546959173734189,-0.04930776484601011,-0.17070104124991411,0.1044870141449728,Accept,"Gender, Age, ProgVar",1.4486739782423317,-0.04930776484601011,-0.18335129780347897,0.08909578891694095,Accept,1.4791786854003288,Accept,Accept,0.5082472317411991
1.3028634974273672,0.9847719068992469,-0.028890268054008524,-0.14192799470101833,0.12725958006619018,Accept,"Gender, Age, ProgVar",1.7467646680451323,-0.028890268054008524,-0.16471589767179354,0.11077613000217584,Accept,1.6349481956979253,Accept,Accept,0.3438006636094805
1.1891158936377488,0.9935216125315072,0.0892765393984379,-0.11928004000151282,0.23242847974087788,Accept,"Gender, Age, ProgVar",1.8680825132462662,0.0892765393984379,-0.07957113035295003,0.2642766656015051,Accept,1.8176226635635464,Accept,Accept,0.7579558891041072
1.4870797876379973,1.0271334079584484,-0.13282816890390595,-0.27270902442062434,0.017975008550254495,Accept,"Gender, Age, ProgVar",1.6642480048156139,-0.13282816890390595,-0.28225364401432373,0.013436837693966936,Accept,1.6925938999378758,Accept,Accept,0.8430792405909631
1.1715662125095818,0.932938009365844,0.013541946407432604,-0.1217694543602817,0.13900732773366048,Accept,"Gender, Age, ProgVar",1.7315472103359673,0.013541946407432604,-0.1148134534078784,0.14921991508724347,Accept,1.6730480978278388,Accept,Accept,0.3053615580239603
1.2073518260055303,0.9991760040591041,-0.01979813778939138,-0.16364865971788037,0.1372585447960491,Accept,"Gender, Age, ProgVar",1.5664435851637186,-0.01979813778939138,-0.16817471667679393,0.1308973154601684,Accept,1.6102341270786302,Accept,Accept,0.373726740613163
1.1309228807615572,1.031278313683845,0.0154689353261526,-0.11854356292712537,0.1850582052635075,Accept,"Gender, Age, ProgVar",1.5314699556732023,0.0154689353261526,-0.13224920900876763,0.16752812042028906,Accept,1.5772688864682891,Accept,Accept,0.6042146841902059
1.4162880437669756,0.9959636854202025,-0.04578898772381968,-0.17200634539125226,0.11068110804348907,Accept,"Gender, Age, ProgVar",1.7637943227541322,-0.04578898772381968,-0.1838059536522135,0.09997458572632463,Accept,1.6028987740745755,Accept,Accept,0.7431410050701571
1.1498949746650542,1.027393002986671,0.06618956633359147,-0.10322687506069736,0.21882595769108573,Accept,"Gender, Age, ProgVar",1.7059712461041119,0.06618956633359147,-0.08864335910521276,0.2353561399788792,Accept,1.6123550759884744,Accept,Accept,0.48436261149547477
1.517309907232942,1.1474392108654385,-0.15934170285227953,-0.329605074001487,0.009788774187151758,Accept,"Gender, Age, ProgVar",1.673194827466247,-0.15934170285227953,-0.3332642822145872,0.005288415323901627,Accept,1.7259430189677298,Accept,Accept,0.9989818046280885
0.8634752854964401,0.985521380964071,0.16623534840426246,-0.007575877389466419,0.31345163129868536,Accept,"Gender, Age, ProgVar",1.3730267064859285,0.16623534840426246,0.012384872014236312,0.32864288113925105,Reject,1.376932696383531,Accept,Accept,0.6080210261426268
1.1213269467652323,0.9496075057476105,-0.02963990853158721,-0.15626361117017754,0.14171556581783565,Accept,"Gender, Age, ProgVar",1.423013308714931,-0.02963990853158721,-0.17343880498274897,0.11390125906534093,Accept,1.6449537014121953,Accept,Accept,0.294191505891531
1.265617557728719,0.9246518178010499,-0.009173970601792111,-0.13529569741626518,0.13691441522772463,Accept,"Gender, Age, ProgVar",1.6093285007227303,-0.009173970601792111,-0.13971512904862385,0.12857506893599419,Accept,1.5200267973600712,Accept,Accept,0.2937780222330839
1.2094779541811722,0.8965683792260387,0.03429342669033146,-0.08444561682027087,0.17752208424762014,Accept,"Gender, Age, ProgVar",1.8766193768195572,0.03429342669033146,-0.09379228327170275,0.16913900596290327,Accept,1.8289408942008165,Accept,Accept,0.5719636493866499
1.0986917692915692,0.9248667026159116,0.08692822976427994,-0.030045245164166783,0.24454000443046867,Accept,"Gender, Age, ProgVar",1.9728591533919184,0.08692822976427994,-0.04685351924160902,0.22707286216043926,Accept,1.64991191685831,Accept,Accept,0.36622939011458366
1.3009966507988566,1.0185764965443722,-0.003872752263578125,-0.1409053887361521,0.16405386015956613,Accept,"Gender, Age, ProgVar",2.035580172501988,-0.003872752263578125,-0.15008951054736175,0.14505048252447916,Accept,1.7701395052255926,Accept,Accept,0.23009477422813013
1.0977343748182662,1.1118616039814626,-0.011819201866457114,-0.15015049416378182,0.16034910089074478,Accept,"Gender, Age, ProgVar",1.4760717715347271,-0.011819201866457114,-0.16431897570418252,0.15120045978843338,Accept,1.4456840317053454,Accept,Accept,0.7700449142593105
1.4003723414817204,1.06702706609208,-0.07172505293748264,-0.22612346043966178,0.09908445665695546,Accept,"Gender, Age, ProgVar",1.6579778982617301,-0.07172505293748264,-0.23171569974751105,0.10019767293239529,Accept,1.7004394908371392,Accept,Accept,0.6078654505693352
1.1157481407389265,0.9718282545258987,0.05700290011297173,-0.08699953914549811,0.22151515183251436,Accept,"Gender, Age, ProgVar",1.6893783142386576,0.05700290011297173,-0.0907799500557711,0.2185369424596177,Accept,1.5987566889962777,Accept,Accept,0.6186183067649123
1.0355076870334325,0.9475637955577264,0.06138293133163058,-0.08776000655406581,0.21382399655857462,Accept,"Gender, Age, ProgVar",1.784473909306905,0.06138293133163058,-0.0893166188760045,0.21294319030374287,Accept,1.6734985768601587,Reject,Accept,0.1811466235694814
1.2230001464498854,1.0342635338103596,0.038303559504931965,-0.13346313324885878,0.18823352650399933,Accept,"Gender, Age, ProgVar",1.6198798503951861,0.038303559504931965,-0.11429599629570945,0.20576927421796426,Accept,1.5599022158113984,Accept,Accept,0.7600884125137082
1.3429917996865957,1.0275084555725602,-0.04099272710712303,-0.18215818853518037,0.15100192395060932,Accept,"Gender, Age, ProgVar",1.5923302713694532,-0.04099272710712303,-0.20391692790601276,0.13305309324322304,Accept,1.67787595693587,Accept,Accept,0.8145710757681466
1.2036741152154948,1.001447666878157,0.012260272240875341,-0.14982701013456282,0.17287415292343628,Accept,"Gender, Age, ProgVar",1.6656607205259166,0.012260272240875341,-0.14281043721815986,0.18290783977968855,Accept,1.656617193809396,Accept,Accept,0.22713651563754442
1.1702604156834862,0.9116110958635387,0.0762319289611356,-0.024380252777109805,0.27905543744080114,Accept,"Gender, Age, ProgVar",2.067200047197264,0.0762319289611356,-0.07367635760859106,0.23369552371540056,Accept,1.7626428652079043,Accept,Accept,0.6500922023959158
1.5085721597399242,1.0580152850552988,-0.09752488131695,-0.2410747179637311,0.03890862673562973,Accept,"Gender, Age, ProgVar",1.5378172960671654,-0.09752488131695,-0.23387097339885252,0.04469395414065411,Accept,1.4537925531447118,Accept,Accept,0.4852834226786533
0.9229666863427398,1.0285858368814522,0.14065844992121945,-0.047403473490329584,0.3079409551577226,Accept,"Gender, Age, ProgVar",1.3588803192427141,0.14065844992121945,-0.03509765881314787,0.3200854906356872,Accept,1.3935111692813613,Accept,Accept,0.575272704554202
1.0606354416701087,0.958834109065949,0.022424493485684104,-0.0661426607106775,0.2123760993463658,Accept,"Gender, Age, ProgVar",1.6567234732291882,0.022424493485684104,-0.11706828805366097,0.16250567290334778,Accept,1.579351723597399,Accept,Accept,0.40073961931814145
1.1737137086352976,1.0031304529322171,-0.008925817670371799,-0.1216257839591519,0.20632098167765456,Accept,"Gender, Age, ProgVar",1.4828881827938838,-0.008925817670371799,-0.17551901837700318,0.15865294276714034,Accept,1.6288838191710295,Accept,Accept,0.7380181047534078
1.322291115945759,1.015890504921658,-0.04416118297642229,-0.1895211221045678,0.0986144917032228,Accept,"Gender, Age, ProgVar",1.4052136501600685,-0.04416118297642229,-0.18439616554464805,0.1035846038969302,Accept,1.4458905378897433,Accept,Accept,0.35511141859772904
1.226681971656381,0.9617529397766319,-7.965689970981239e-4,-0.1412488306135842,0.1327558641065295,Accept,"Gender, Age, ProgVar",1.6815489556243375,-7.965689970981239e-4,-0.13597936319486945,0.14302096213141466,Accept,1.7580782439199591,Accept,Accept,0.25984373091127494
1.1548737962069358,0.9089836082147912,0.049222092273662366,-0.1074811368729385,0.15377162923368234,Accept,"Gender, Age, ProgVar",1.9070666301457329,0.049222092273662366,-0.0817597020191983,0.17615312232787214,Accept,1.6495372383693623,Accept,Accept,0.692711495501299
1.095497808237576,1.015820330465879,0.08591622483828734,-0.05678334346381801,0.21170196632183924,Accept,"Gender, Age, ProgVar",1.8124064223794516,0.08591622483828734,-0.048927131055887,0.2215916327184179,Accept,1.783947152944705,Accept,Accept,0.7219966349093045
1.1001574923936464,1.0089984467155144,0.06627723440548346,-0.08566135921333684,0.2078801948631182,Accept,"Gender, Age, ProgVar",1.6867565542107146,0.06627723440548346,-0.08271500115619872,0.21266171323165184,Accept,1.7443025876424312,Accept,Accept,0.7670273469191599
1.3112089117444898,1.0499690421918337,-0.020635648081202225,-0.177058730095311,0.11688174592000475,Accept,"Gender, Age, ProgVar",1.5159638637482358,-0.020635648081202225,-0.16639325285382195,0.1284304724115494,Accept,1.5319088577288613,Accept,Accept,0.7690380156828405
1.1917522283331197,1.0191749485545303,0.015830887133105292,-0.16188900455335672,0.18650117254083723,Accept,"Gender, Age, ProgVar",1.8940951868109903,0.015830887133105292,-0.16074945326877513,0.18908368664482988,Accept,1.837212044574463,Accept,Accept,0.7178044293434939
1.1569430398141607,0.9516455459875233,0.0903774410011332,-0.06634444859473997,0.2550603281384799,Accept,"Gender, Age, ProgVar",1.549801171039002,0.0903774410011332,-0.06777248650436254,0.25675930513051815,Accept,1.6023540610432545,Accept,Accept,0.43453844666358776
1.4649942107694294,1.0266273772256185,-0.12159530372338519,-0.260119035684011,0.014055578330013543,Accept,"Gender, Age, ProgVar",1.5977526994539204,-0.12159530372338519,-0.26106355291902605,0.016477573035864005,Accept,1.6357592056370922,Accept,Accept,0.10449710835974167
1.1557339546568777,0.9919352308340552,-0.011391196552959539,-0.12430311426736973,0.15560169972427312,Accept,"Gender, Age, ProgVar",1.6995542122592504,-0.011391196552959539,-0.15345776891014554,0.13295339904018622,Accept,1.7510279756639848,Accept,Accept,0.8184738720333855
1.3206666189033285,1.0329187408475058,-0.020467090127643132,-0.1620175353699002,0.14836669881885642,Accept,"Gender, Age, ProgVar",1.5439768288015936,-0.020467090127643132,-0.17597617170833418,0.1375366025975605,Accept,1.5701443401261848,Accept,Accept,0.542571948476334
1.2073853524124416,0.9160875086083515,0.042677106123624554,-0.08417445312192773,0.19006322057068833,Accept,"Gender, Age, ProgVar",1.72202017835155,0.042677106123624554,-0.09069401421521989,0.18589606261894845,Accept,1.726656570059333,Accept,Accept,0.747689693194887
1.3644648969886553,1.0221567417528998,-0.14084957026389647,-0.27534455459691703,0.020922004559846018,Accept,"Gender, Age, ProgVar",1.7441740483750183,-0.14084957026389647,-0.2872257211261498,0.00837352830871358,Accept,1.5534553155509,Accept,Accept,0.429100584554652
